<DATE>	<TIME>	<OPEN>	<HIGH>	<LOW>	<CLOSE>	<TICKVOL>	<VOL>	<SPREAD>
2024.01.02	00:00:00	1.00000	1.00107	0.99997	1.00071	816	0	1
2024.01.02	01:00:00	1.00071	1.00128	1.00047	1.00085	964	0	1
2024.01.02	02:00:00	1.00085	1.00145	1.00073	1.00132	1075	0	1
2024.01.02	03:00:00	1.00132	1.00214	1.00076	1.00134	823	0	1
2024.01.02	04:00:00	1.00134	1.00155	0.99988	1.00024	1012	0	1
2024.01.02	05:00:00	1.00024	1.00030	0.99934	0.99983	844	0	1
2024.01.02	06:00:00	0.99983	0.99999	0.99887	0.99910	1185	0	1
2024.01.02	07:00:00	0.99910	1.00080	0.99903	1.00068	987	0	1
2024.01.02	08:00:00	1.00068	1.00125	1.00007	1.00118	866	0	1
2024.01.02	09:00:00	1.00118	1.00278	1.00111	1.00264	930	0	1
2024.01.02	10:00:00	1.00264	1.00398	1.00209	1.00377	1103	0	1
2024.01.02	11:00:00	1.00377	1.00379	1.00326	1.00335	979	0	1
2024.01.02	12:00:00	1.00335	1.00370	1.00185	1.00219	983	0	1
2024.01.02	13:00:00	1.00219	1.00227	1.00144	1.00179	1168	0	1
2024.01.02	14:00:00	1.00179	1.00292	1.00171	1.00290	821	0	1
2024.01.02	15:00:00	1.00290	1.00300	1.00240	1.00271	1035	0	1
2024.01.02	16:00:00	1.00271	1.00354	1.00246	1.00341	1130	0	1
2024.01.02	17:00:00	1.00341	1.00376	1.00319	1.00326	836	0	1
2024.01.02	18:00:00	1.00326	1.00379	1.00307	1.00349	950	0	1
2024.01.02	19:00:00	1.00349	1.00394	1.00349	1.00393	804	0	1
2024.01.02	20:00:00	1.00393	1.00457	1.00366	1.00407	1093	0	1
2024.01.02	21:00:00	1.00407	1.00443	1.00368	1.00408	1028	0	1
2024.01.02	22:00:00	1.00408	1.00415	1.00245	1.00297	866	0	1
2024.01.02	23:00:00	1.00297	1.00333	1.00288	1.00329	1032	0	1
2024.01.03	00:00:00	1.00329	1.00344	1.00309	1.00326	1090	0	1
2024.01.03	01:00:00	1.00326	1.00347	1.00214	1.00242	893	0	1
2024.01.03	02:00:00	1.00242	1.00368	1.00182	1.00303	1034	0	1
2024.01.03	03:00:00	1.00303	1.00339	1.00301	1.00304	1019	0	1
2024.01.03	04:00:00	1.00304	1.00347	1.00294	1.00319	978	0	1
2024.01.03	05:00:00	1.00319	1.00341	1.00161	1.00178	1188	0	1
2024.01.03	06:00:00	1.00178	1.00203	1.00120	1.00187	1089	0	1
2024.01.03	07:00:00	1.00187	1.00193	1.00119	1.00164	995	0	1
2024.01.03	08:00:00	1.00164	1.00199	1.00109	1.00150	1189	0	1
2024.01.03	09:00:00	1.00150	1.00190	1.00069	1.00069	1149	0	1
2024.01.03	10:00:00	1.00069	1.00094	0.99922	0.99955	1062	0	1
2024.01.03	11:00:00	0.99955	0.99977	0.99891	0.99939	1171	0	1
2024.01.03	12:00:00	0.99939	0.99943	0.99830	0.99871	1102	0	1
2024.01.03	13:00:00	0.99871	0.99911	0.99769	0.99840	1107	0	1
2024.01.03	14:00:00	0.99840	0.99888	0.99779	0.99818	853	0	1
2024.01.03	15:00:00	0.99818	0.99905	0.99804	0.99890	814	0	1
2024.01.03	16:00:00	0.99890	0.99910	0.99862	0.99907	934	0	1
2024.01.03	17:00:00	0.99907	0.99919	0.99799	0.99805	1147	0	1
2024.01.03	18:00:00	0.99805	0.99813	0.99674	0.99752	873	0	1
2024.01.03	19:00:00	0.99752	0.99840	0.99740	0.99803	943	0	1
2024.01.03	20:00:00	0.99803	0.99955	0.99790	0.99944	1189	0	1
2024.01.03	21:00:00	0.99944	0.99962	0.99741	0.99755	936	0	1
2024.01.03	22:00:00	0.99755	0.99780	0.99697	0.99716	1089	0	1
2024.01.03	23:00:00	0.99716	0.99723	0.99575	0.99609	1143	0	1
2024.01.04	00:00:00	0.99609	0.99621	0.99576	0.99602	802	0	1
2024.01.04	01:00:00	0.99602	0.99701	0.99575	0.99678	952	0	1
2024.01.04	02:00:00	0.99678	0.99684	0.99549	0.99575	838	0	1
2024.01.04	03:00:00	0.99575	0.99684	0.99564	0.99659	964	0	1
2024.01.04	04:00:00	0.99659	0.99707	0.99652	0.99695	1087	0	1
2024.01.04	05:00:00	0.99695	0.99716	0.99670	0.99704	922	0	1
2024.01.04	06:00:00	0.99704	0.99739	0.99703	0.99734	827	0	1
2024.01.04	07:00:00	0.99734	0.99757	0.99702	0.99724	1141	0	1
2024.01.04	08:00:00	0.99724	0.99730	0.99642	0.99645	823	0	1
2024.01.04	09:00:00	0.99645	0.99648	0.99564	0.99634	1019	0	1
2024.01.04	10:00:00	0.99634	0.99639	0.99609	0.99611	993	0	1
2024.01.04	11:00:00	0.99611	0.99660	0.99547	0.99604	888	0	1
2024.01.04	12:00:00	0.99604	0.99628	0.99551	0.99556	983	0	1
2024.01.04	13:00:00	0.99556	0.99677	0.99551	0.99616	1084	0	1
2024.01.04	14:00:00	0.99616	0.99622	0.99507	0.99546	1168	0	1
2024.01.04	15:00:00	0.99546	0.99573	0.99531	0.99544	852	0	1
2024.01.04	16:00:00	0.99544	0.99575	0.99474	0.99493	1075	0	1
2024.01.04	17:00:00	0.99493	0.99610	0.99482	0.99580	1090	0	1
2024.01.04	18:00:00	0.99580	0.99618	0.99567	0.99584	802	0	1
2024.01.04	19:00:00	0.99584	0.99598	0.99517	0.99547	1002	0	1
2024.01.04	20:00:00	0.99547	0.99652	0.99540	0.99636	859	0	1
2024.01.04	21:00:00	0.99636	0.99705	0.99577	0.99611	1151	0	1
2024.01.04	22:00:00	0.99611	0.99612	0.99521	0.99524	1191	0	1
2024.01.04	23:00:00	0.99524	0.99567	0.99509	0.99511	880	0	1
2024.01.05	00:00:00	0.99511	0.99701	0.99495	0.99657	882	0	1
2024.01.05	01:00:00	0.99657	0.99729	0.99575	0.99589	895	0	1
2024.01.05	02:00:00	0.99589	0.99618	0.99528	0.99553	842	0	1
2024.01.05	03:00:00	0.99553	0.99613	0.99543	0.99602	962	0	1
2024.01.05	04:00:00	0.99602	0.99705	0.99582	0.99656	1025	0	1
2024.01.05	05:00:00	0.99656	0.99725	0.99635	0.99706	830	0	1
2024.01.05	06:00:00	0.99706	0.99774	0.99705	0.99750	1107	0	1
2024.01.05	07:00:00	0.99750	0.99831	0.99730	0.99791	1035	0	1
2024.01.05	08:00:00	0.99791	0.99936	0.99791	0.99910	1073	0	1
2024.01.05	09:00:00	0.99910	0.99938	0.99869	0.99891	1197	0	1
2024.01.05	10:00:00	0.99891	0.99922	0.99836	0.99861	813	0	1
2024.01.05	11:00:00	0.99861	0.99991	0.99854	0.99943	945	0	1
2024.01.05	12:00:00	0.99943	0.99972	0.99843	0.99888	1092	0	1
2024.01.05	13:00:00	0.99888	0.99926	0.99871	0.99922	828	0	1
2024.01.05	14:00:00	0.99922	0.99935	0.99817	0.99847	1159	0	1
2024.01.05	15:00:00	0.99847	0.99888	0.99837	0.99867	950	0	1
2024.01.05	16:00:00	0.99867	0.99871	0.99832	0.99871	1061	0	1
2024.01.05	17:00:00	0.99871	0.99902	0.99846	0.99862	993	0	1
2024.01.05	18:00:00	0.99862	0.99875	0.99769	0.99776	897	0	1
2024.01.05	19:00:00	0.99776	0.99822	0.99745	0.99805	892	0	1
2024.01.05	20:00:00	0.99805	0.99871	0.99772	0.99863	841	0	1
2024.01.05	21:00:00	0.99863	0.99866	0.99702	0.99718	1152	0	1
2024.01.05	22:00:00	0.99718	0.99750	0.99616	0.99647	1138	0	1
2024.01.05	23:00:00	0.99647	0.99691	0.99584	0.99688	833	0	1
2024.01.08	00:00:00	0.99688	0.99732	0.99570	0.99600	910	0	1
2024.01.08	01:00:00	0.99600	0.99733	0.99592	0.99714	833	0	1
2024.01.08	02:00:00	0.99714	0.99772	0.99683	0.99751	1195	0	1
2024.01.08	03:00:00	0.99751	0.99820	0.99711	0.99768	1161	0	1
2024.01.08	04:00:00	0.99768	0.99842	0.99734	0.99820	867	0	1
2024.01.08	05:00:00	0.99820	0.99846	0.99624	0.99649	846	0	1
2024.01.08	06:00:00	0.99649	0.99681	0.99619	0.99675	1114	0	1
2024.01.08	07:00:00	0.99675	0.99691	0.99664	0.99676	883	0	1
2024.01.08	08:00:00	0.99676	0.99754	0.99654	0.99746	803	0	1
2024.01.08	09:00:00	0.99746	0.99807	0.99685	0.99775	1098	0	1
2024.01.08	10:00:00	0.99775	0.99789	0.99733	0.99744	1029	0	1
2024.01.08	11:00:00	0.99744	0.99797	0.99497	0.99502	882	0	1
2024.01.08	12:00:00	0.99502	0.99559	0.99489	0.99494	1078	0	1
2024.01.08	13:00:00	0.99494	0.99529	0.99333	0.99408	1047	0	1
2024.01.08	14:00:00	0.99408	0.99536	0.99383	0.99524	1199	0	1
2024.01.08	15:00:00	0.99524	0.99609	0.99514	0.99587	987	0	1
2024.01.08	16:00:00	0.99587	0.99699	0.99555	0.99672	1157	0	1
2024.01.08	17:00:00	0.99672	0.99685	0.99653	0.99675	893	0	1
2024.01.08	18:00:00	0.99675	0.99725	0.99637	0.99710	1094	0	1
2024.01.08	19:00:00	0.99710	0.99866	0.99675	0.99806	954	0	1
2024.01.08	20:00:00	0.99806	0.99955	0.99772	0.99913	1129	0	1
2024.01.08	21:00:00	0.99913	0.99963	0.99842	0.99943	966	0	1
2024.01.08	22:00:00	0.99943	1.00072	0.99921	1.00033	807	0	1
2024.01.08	23:00:00	1.00033	1.00079	0.99926	0.99940	870	0	1
2024.01.09	00:00:00	0.99940	0.99945	0.99778	0.99781	842	0	1
2024.01.09	01:00:00	0.99781	0.99830	0.99774	0.99787	1139	0	1
2024.01.09	02:00:00	0.99787	0.99814	0.99653	0.99673	1103	0	1
2024.01.09	03:00:00	0.99673	0.99708	0.99616	0.99644	1049	0	1
2024.01.09	04:00:00	0.99644	0.99649	0.99590	0.99631	1042	0	1
2024.01.09	05:00:00	0.99631	0.99684	0.99515	0.99545	1191	0	1
2024.01.09	06:00:00	0.99545	0.99704	0.99516	0.99698	959	0	1
2024.01.09	07:00:00	0.99698	0.99729	0.99643	0.99716	827	0	1
2024.01.09	08:00:00	0.99716	0.99729	0.99681	0.99700	978	0	1
2024.01.09	09:00:00	0.99700	0.99700	0.99566	0.99606	1003	0	1
2024.01.09	10:00:00	0.99606	0.99674	0.99597	0.99662	846	0	1
2024.01.09	11:00:00	0.99662	0.99684	0.99556	0.99592	1165	0	1
2024.01.09	12:00:00	0.99592	0.99763	0.99580	0.99719	848	0	1
2024.01.09	13:00:00	0.99719	0.99780	0.99699	0.99763	1186	0	1
2024.01.09	14:00:00	0.99763	0.99809	0.99712	0.99797	1155	0	1
2024.01.09	15:00:00	0.99797	0.99817	0.99787	0.99813	1163	0	1
2024.01.09	16:00:00	0.99813	0.99853	0.99753	0.99846	969	0	1
2024.01.09	17:00:00	0.99846	0.99918	0.99833	0.99878	941	0	1
2024.01.09	18:00:00	0.99878	0.99969	0.99823	0.99894	800	0	1
2024.01.09	19:00:00	0.99894	0.99912	0.99891	0.99894	1014	0	1
2024.01.09	20:00:00	0.99894	1.00027	0.99880	0.99994	964	0	1
2024.01.09	21:00:00	0.99994	1.00004	0.99892	0.99901	1112	0	1
2024.01.09	22:00:00	0.99901	0.99918	0.99881	0.99886	810	0	1
2024.01.09	23:00:00	0.99886	0.99948	0.99885	0.99944	1148	0	1
2024.01.10	00:00:00	0.99944	0.99974	0.99884	0.99891	1102	0	1
2024.01.10	01:00:00	0.99891	0.99893	0.99854	0.99871	964	0	1
2024.01.10	02:00:00	0.99871	0.99962	0.99846	0.99919	1083	0	1
2024.01.10	03:00:00	0.99919	0.99961	0.99907	0.99946	1058	0	1
2024.01.10	04:00:00	0.99946	0.99974	0.99881	0.99927	1013	0	1
2024.01.10	05:00:00	0.99927	0.99929	0.99870	0.99922	870	0	1
2024.01.10	06:00:00	0.99922	0.99990	0.99897	0.99959	1002	0	1
2024.01.10	07:00:00	0.99959	1.00001	0.99957	0.99960	875	0	1
2024.01.10	08:00:00	0.99960	0.99997	0.99950	0.99986	828	0	1
2024.01.10	09:00:00	0.99986	1.00071	0.99940	1.00031	858	0	1
2024.01.10	10:00:00	1.00031	1.00224	1.00022	1.00165	1182	0	1
2024.01.10	11:00:00	1.00165	1.00263	1.00136	1.00245	1085	0	1
2024.01.10	12:00:00	1.00245	1.00273	1.00154	1.00262	994	0	1
2024.01.10	13:00:00	1.00262	1.00306	1.00255	1.00284	990	0	1
2024.01.10	14:00:00	1.00284	1.00336	1.00183	1.00221	1068	0	1
2024.01.10	15:00:00	1.00221	1.00227	1.00178	1.00214	1017	0	1
2024.01.10	16:00:00	1.00214	1.00238	1.00208	1.00229	1045	0	1
2024.01.10	17:00:00	1.00229	1.00238	1.00213	1.00223	866	0	1
2024.01.10	18:00:00	1.00223	1.00314	1.00202	1.00267	892	0	1
2024.01.10	19:00:00	1.00267	1.00346	1.00242	1.00335	849	0	1
2024.01.10	20:00:00	1.00335	1.00557	1.00329	1.00498	1033	0	1
2024.01.10	21:00:00	1.00498	1.00591	1.00489	1.00563	920	0	1
2024.01.10	22:00:00	1.00563	1.00577	1.00528	1.00550	1018	0	1
2024.01.10	23:00:00	1.00550	1.00581	1.00462	1.00519	1050	0	1
2024.01.11	00:00:00	1.00519	1.00538	1.00479	1.00530	985	0	1
2024.01.11	01:00:00	1.00530	1.00565	1.00438	1.00441	1047	0	1
2024.01.11	02:00:00	1.00441	1.00505	1.00430	1.00490	1032	0	1
2024.01.11	03:00:00	1.00490	1.00508	1.00349	1.00366	1083	0	1
2024.01.11	04:00:00	1.00366	1.00404	1.00328	1.00393	1094	0	1
2024.01.11	05:00:00	1.00393	1.00393	1.00344	1.00353	939	0	1
2024.01.11	06:00:00	1.00353	1.00462	1.00346	1.00429	1051	0	1
2024.01.11	07:00:00	1.00429	1.00431	1.00364	1.00397	976	0	1
2024.01.11	08:00:00	1.00397	1.00466	1.00396	1.00437	940	0	1
2024.01.11	09:00:00	1.00437	1.00543	1.00427	1.00511	1146	0	1
2024.01.11	10:00:00	1.00511	1.00536	1.00429	1.00430	1145	0	1
2024.01.11	11:00:00	1.00430	1.00451	1.00415	1.00419	922	0	1
2024.01.11	12:00:00	1.00419	1.00470	1.00415	1.00468	818	0	1
2024.01.11	13:00:00	1.00468	1.00499	1.00341	1.00343	1065	0	1
2024.01.11	14:00:00	1.00343	1.00391	1.00325	1.00354	827	0	1
2024.01.11	15:00:00	1.00354	1.00436	1.00340	1.00393	920	0	1
2024.01.11	16:00:00	1.00393	1.00410	1.00356	1.00364	870	0	1
2024.01.11	17:00:00	1.00364	1.00380	1.00251	1.00266	1121	0	1
2024.01.11	18:00:00	1.00266	1.00318	1.00244	1.00295	1016	0	1
2024.01.11	19:00:00	1.00295	1.00425	1.00278	1.00402	809	0	1
2024.01.11	20:00:00	1.00402	1.00413	1.00394	1.00407	1190	0	1
2024.01.11	21:00:00	1.00407	1.00469	1.00369	1.00449	854	0	1
2024.01.11	22:00:00	1.00449	1.00518	1.00441	1.00459	1169	0	1
2024.01.11	23:00:00	1.00459	1.00480	1.00389	1.00419	1160	0	1
2024.01.12	00:00:00	1.00419	1.00618	1.00404	1.00542	1087	0	1
2024.01.12	01:00:00	1.00542	1.00594	1.00540	1.00541	1099	0	1
2024.01.12	02:00:00	1.00541	1.00573	1.00534	1.00551	1074	0	1
2024.01.12	03:00:00	1.00551	1.00611	1.00538	1.00569	1031	0	1
2024.01.12	04:00:00	1.00569	1.00586	1.00560	1.00584	1161	0	1
2024.01.12	05:00:00	1.00584	1.00629	1.00514	1.00602	802	0	1
2024.01.12	06:00:00	1.00602	1.00662	1.00584	1.00650	860	0	1
2024.01.12	07:00:00	1.00650	1.00684	1.00523	1.00524	938	0	1
2024.01.12	08:00:00	1.00524	1.00607	1.00511	1.00580	1191	0	1
2024.01.12	09:00:00	1.00580	1.00666	1.00542	1.00636	952	0	1
2024.01.12	10:00:00	1.00636	1.00729	1.00620	1.00695	991	0	1
2024.01.12	11:00:00	1.00695	1.00787	1.00681	1.00782	1163	0	1
2024.01.12	12:00:00	1.00782	1.00809	1.00740	1.00753	818	0	1
2024.01.12	13:00:00	1.00753	1.00859	1.00708	1.00841	987	0	1
2024.01.12	14:00:00	1.00841	1.00933	1.00802	1.00895	1116	0	1
2024.01.12	15:00:00	1.00895	1.00961	1.00799	1.00876	1031	0	1
2024.01.12	16:00:00	1.00876	1.00888	1.00750	1.00788	1034	0	1
2024.01.12	17:00:00	1.00788	1.00821	1.00702	1.00709	964	0	1
2024.01.12	18:00:00	1.00709	1.00814	1.00690	1.00800	922	0	1
2024.01.12	19:00:00	1.00800	1.00865	1.00757	1.00859	1009	0	1
2024.01.12	20:00:00	1.00859	1.00874	1.00802	1.00820	1144	0	1
2024.01.12	21:00:00	1.00820	1.00844	1.00814	1.00824	924	0	1
2024.01.12	22:00:00	1.00824	1.00856	1.00804	1.00827	895	0	1
2024.01.12	23:00:00	1.00827	1.00853	1.00818	1.00849	1033	0	1
